{
   "labels": [
      {
         "label_class": "container",
         "object_id": 1,
         "label_type": "box",
         "centre": {
            "x": 373.6422498428942,
            "y": 234.66718821577905
         },
         "size": {
            "x": 214.99999999999943,
            "y": 51.99999999999986
         }
      },
      {
         "label_class": "container",
         "object_id": 2,
         "label_type": "box",
         "centre": {
            "x": 342.14224984289433,
            "y": 275.16718821577894
         },
         "size": {
            "x": 193.99999999999946,
            "y": 51.99999999999986
         }
      },
      {
         "label_class": "container",
         "object_id": 3,
         "label_type": "box",
         "centre": {
            "x": 255.39224984289456,
            "y": 314.6671882157788
         },
         "size": {
            "x": 134.49999999999963,
            "y": 37.999999999999886
         }
      },
      {
         "label_class": "container",
         "object_id": 4,
         "label_type": "box",
         "centre": {
            "x": 410.1422498428941,
            "y": 295.6671882157789
         },
         "size": {
            "x": 177.9999999999995,
            "y": 64.99999999999977
         }
      }
   ],
   "image_filename": "0077.jpg",
   "complete": null
}