{
   "image_filename": "2de8cf2a4ccc50f9ace04938f17b40eded63dbc1.jpg",
   "labels": [
      {
         "object_id": 1,
         "label_type": "box",
         "centre": {
            "x": 178.54594867119607,
            "y": 120.88609779786864
         },
         "label_class": "container",
         "size": {
            "x": 67.95465740480327,
            "y": 26.39015821545756
         }
      },
      {
         "object_id": 2,
         "label_type": "box",
         "centre": {
            "x": 70.01642301012674,
            "y": 118.5769589540161
         },
         "label_class": "container",
         "size": {
            "x": 64.65588762787107,
            "y": 31.00843590316265
         }
      }
   ],
   "complete": null
}