{
   "image_filename": "85fea2e19c14e8b6f33d00954a69f7d74630e90d.jpg",
   "labels": [
      {
         "object_id": 1,
         "label_type": "box",
         "centre": {
            "x": 110.95187165893188,
            "y": 150.5364443588264
         },
         "label_class": "container",
         "size": {
            "x": 78.51072069098677,
            "y": 62.6766257617121
         }
      },
      {
         "object_id": 2,
         "label_type": "box",
         "centre": {
            "x": 111.28174863662511,
            "y": 167.69004719887394
         },
         "label_class": "truck",
         "size": {
            "x": 81.80949046791899,
            "y": 98.30333935258005
         }
      },
      {
         "object_id": 3,
         "label_type": "box",
         "centre": {
            "x": 48.275245897219754,
            "y": 195.72959030279776
         },
         "label_class": "car",
         "size": {
            "x": 44.20351501089171,
            "y": 25.070650304684847
         }
      },
      {
         "object_id": 4,
         "label_type": "box",
         "centre": {
            "x": 239.60389295928834,
            "y": 188.14241981585366
         },
         "label_class": "car",
         "size": {
            "x": 29.68892799238995,
            "y": 32.32794381393572
         }
      }
   ],
   "complete": null
}