{
   "image_filename": "8e8821cbeb5b09276029838ed3dbb419f22a59ee.jpg",
   "labels": [
      {
         "object_id": 1,
         "label_type": "box",
         "centre": {
            "x": 156.57932779275654,
            "y": 98.08865012410448
         },
         "label_class": "container",
         "size": {
            "x": 159.99999999999926,
            "y": 153.99999999999926
         }
      },
      {
         "object_id": 2,
         "label_type": "box",
         "centre": {
            "x": 126.07932779275669,
            "y": 127.58865012410433
         },
         "label_class": "truck",
         "size": {
            "x": 220.99999999999898,
            "y": 212.99999999999903
         }
      }
   ],
   "complete": null
}