{
   "image_filename": "9860c0602a6e79997f37c1a807d81c3452ffb00e.jpg",
   "labels": [
      {
         "object_id": 1,
         "label_type": "box",
         "centre": {
            "x": 183.57932779275643,
            "y": 119.08865012410439
         },
         "label_class": "container",
         "size": {
            "x": 89.99999999999957,
            "y": 107.9999999999995
         }
      },
      {
         "object_id": 2,
         "label_type": "box",
         "centre": {
            "x": 128.5793277927567,
            "y": 136.58865012410428
         },
         "label_class": "truck",
         "size": {
            "x": 205.99999999999903,
            "y": 176.99999999999918
         }
      }
   ],
   "complete": null
}