{
   "image_filename": "9d0cf03f668cc430a173ac80a8f07036b2e6c234.jpg",
   "labels": [
      {
         "object_id": 1,
         "label_type": "box",
         "centre": {
            "x": 163.35999475935378,
            "y": 94.94500514990708
         },
         "label_class": "container",
         "size": {
            "x": 182.75184564204534,
            "y": 162.29947302506554
         }
      },
      {
         "object_id": 2,
         "label_type": "box",
         "centre": {
            "x": 49.55243745519197,
            "y": 81.42004906448494
         },
         "label_class": "container",
         "size": {
            "x": 54.09982434168852,
            "y": 86.42776815562434
         }
      },
      {
         "object_id": 3,
         "label_type": "box",
         "centre": {
            "x": 129.05278907925862,
            "y": 124.30405616460388
         },
         "label_class": "truck",
         "size": {
            "x": 251.36625700223564,
            "y": 221.01757505445914
         }
      }
   ],
   "complete": null
}