{
   "image_filename": "a0c2c74c24be12e03011c5ef36cf07b423995ad8.jpg",
   "labels": [
      {
         "object_id": 1,
         "label_type": "box",
         "centre": {
            "x": 115.76729446247893,
            "y": 112.72912145715514
         },
         "label_class": "container",
         "size": {
            "x": 149.76414787272307,
            "y": 63.9961336724852
         }
      },
      {
         "object_id": 2,
         "label_type": "box",
         "centre": {
            "x": 128.6324965925146,
            "y": 129.55284731950948
         },
         "label_class": "truck",
         "size": {
            "x": 178.1335679543402,
            "y": 100.28260121873966
         }
      }
   ],
   "complete": null
}