{
   "image_filename": "ba582e63f4b1db65849835f799384097d4500f9c.jpg",
   "labels": [
      {
         "object_id": 1,
         "label_type": "box",
         "centre": {
            "x": 78.49119598314476,
            "y": 111.07973656868901
         },
         "label_class": "container",
         "size": {
            "x": 112.15817241569567,
            "y": 114.79718823724146
         }
      },
      {
         "object_id": 2,
         "label_type": "box",
         "centre": {
            "x": 127.97274263712816,
            "y": 126.91383149796371
         },
         "label_class": "truck",
         "size": {
            "x": 207.1627419913438,
            "y": 167.57750466815708
         }
      },
      {
         "object_id": 3,
         "label_type": "box",
         "centre": {
            "x": 13.835308355273135,
            "y": 152.9741127357283
         },
         "label_class": "truck",
         "size": {
            "x": 26.39015821545781,
            "y": 69.27416531557675
         }
      }
   ],
   "complete": null
}