{
   "image_filename": "cc6cbcc376fb31773d2262f996f733835127a855.jpg",
   "labels": [
      {
         "object_id": 1,
         "label_type": "box",
         "centre": {
            "x": 193.7118157183308,
            "y": 42.11401547444987
         },
         "label_class": "container",
         "size": {
            "x": 121.99999999999977,
            "y": 80.49999999999986
         }
      },
      {
         "object_id": 2,
         "label_type": "box",
         "centre": {
            "x": 132.4618157183309,
            "y": 95.11401547444979
         },
         "label_class": "container",
         "size": {
            "x": 240.49999999999957,
            "y": 177.49999999999972
         }
      }
   ],
   "complete": null
}