{
   "image_filename": "d3b28853a639356c6ca7881780e6005d1a2e11a0.jpg",
   "labels": [
      {
         "object_id": 2,
         "label_type": "box",
         "centre": {
            "x": 158.96181571833085,
            "y": 128.36401547444973
         },
         "label_class": "container",
         "size": {
            "x": 124.49999999999977,
            "y": 104.99999999999983
         }
      },
      {
         "object_id": 4,
         "label_type": "box",
         "centre": {
            "x": 157.96181571833085,
            "y": 151.61401547444967
         },
         "label_class": "truck",
         "size": {
            "x": 141.49999999999977,
            "y": 151.49999999999974
         }
      }
   ],
   "complete": null
}