{
   "image_filename": "ee5824126c366fff753991761299d1b9b0bd89a1.jpg",
   "labels": [
      {
         "object_id": 1,
         "label_type": "box",
         "centre": {
            "x": 81.35645142957935,
            "y": 86.46636517945319
         },
         "label_class": "container",
         "size": {
            "x": 120.99999999999983,
            "y": 133.49999999999983
         }
      },
      {
         "object_id": 2,
         "label_type": "box",
         "centre": {
            "x": 130.6064514295793,
            "y": 115.71636517945315
         },
         "label_class": "truck",
         "size": {
            "x": 221.49999999999972,
            "y": 193.99999999999974
         }
      }
   ],
   "complete": null
}