{
   "image_filename": "f36d0688b489c876001faa771e8f2bfa0d5c76bc.jpg",
   "labels": [
      {
         "object_id": 1,
         "label_type": "box",
         "centre": {
            "x": 194.85374444724948,
            "y": 119.38445351336468
         },
         "label_class": "container",
         "size": {
            "x": 62.499999999999915,
            "y": 40.99999999999997
         }
      },
      {
         "object_id": 2,
         "label_type": "box",
         "centre": {
            "x": 128.60374444724954,
            "y": 119.63445351336466
         },
         "label_class": "container",
         "size": {
            "x": 72.99999999999993,
            "y": 43.49999999999994
         }
      },
      {
         "object_id": 3,
         "label_type": "box",
         "centre": {
            "x": 129.10374444724954,
            "y": 135.38445351336466
         },
         "label_class": "truck",
         "size": {
            "x": 195.99999999999977,
            "y": 79.9999999999999
         }
      }
   ],
   "complete": null
}