{
   "image_filename": "f6516fe176c5ce812eec3802676cc6b18112fb91.jpg",
   "labels": [
      {
         "object_id": 1,
         "label_type": "box",
         "centre": {
            "x": 170.60374444724948,
            "y": 100.63445351336469
         },
         "label_class": "container",
         "size": {
            "x": 131.99999999999986,
            "y": 139.49999999999983
         }
      },
      {
         "object_id": 2,
         "label_type": "box",
         "centre": {
            "x": 80.3537444472496,
            "y": 88.3844535133647
         },
         "label_class": "container",
         "size": {
            "x": 55.49999999999994,
            "y": 52.99999999999994
         }
      },
      {
         "object_id": 3,
         "label_type": "box",
         "centre": {
            "x": 139.35374444724954,
            "y": 136.13445351336463
         },
         "label_class": "truck",
         "size": {
            "x": 200.49999999999977,
            "y": 215.49999999999974
         }
      }
   ],
   "complete": null
}