{
   "image_filename": "f8b847d4a652b6435423172d8f6d27c669f29b0a.jpg",
   "labels": [
      {
         "object_id": 1,
         "label_type": "box",
         "centre": {
            "x": 127.05828778702904,
            "y": 103.59553751881641
         },
         "label_class": "container",
         "size": {
            "x": 254.00527282378195,
            "y": 190.00913915129664
         }
      },
      {
         "object_id": 2,
         "label_type": "box",
         "centre": {
            "x": 127.71804174241548,
            "y": 44.2176815340362
         },
         "label_class": "container",
         "size": {
            "x": 255.32478073455482,
            "y": 88.40703002178384
         }
      }
   ],
   "complete": null
}