{
   "labels": [
      {
         "centre": {
            "x": 162.7154473235361,
            "y": 179.79033229202818
         },
         "size": {
            "x": 27.70966612623073,
            "y": 32.3279438139358
         },
         "label_class": null,
         "object_id": 1,
         "label_type": "box"
      },
      {
         "centre": {
            "x": 208.89822420058726,
            "y": 142.1843568350008
         },
         "size": {
            "x": 71.25342718173607,
            "y": 156.36168742658748
         },
         "label_class": null,
         "object_id": 2,
         "label_type": "box"
      },
      {
         "centre": {
            "x": 303.5729167985421,
            "y": 181.76959415818754
         },
         "size": {
            "x": 265.88084402073736,
            "y": 244.76871744837118
         },
         "label_class": "truck",
         "object_id": 3,
         "label_type": "box"
      },
      {
         "centre": {
            "x": 356.02335625176454,
            "y": 120.41247630724814
         },
         "size": {
            "x": 147.78488600656374,
            "y": 69.27416531557675
         },
         "label_class": null,
         "object_id": 4,
         "label_type": "box"
      }
   ],
   "complete": null,
   "image_filename": "camion06.jpg"
}