{
   "labels": [
      {
         "centre": {
            "x": 949.7945980985743,
            "y": 272.6896246492916
         },
         "size": {
            "x": 508.4015289649353,
            "y": 330.80921405252644
         },
         "label_class": null,
         "object_id": 1,
         "label_type": "box"
      },
      {
         "centre": {
            "x": 1107.3642500551723,
            "y": 487.7156137834338
         },
         "size": {
            "x": 141.0291912539717,
            "y": 85.31395520301993
         },
         "label_class": null,
         "object_id": 2,
         "label_type": "box"
      },
      {
         "centre": {
            "x": 1049.9079128776284,
            "y": 212.6216357818592
         },
         "size": {
            "x": 235.04865208995307,
            "y": 182.81561829218572
         },
         "label_class": null,
         "object_id": 3,
         "label_type": "box"
      },
      {
         "centre": {
            "x": 806.1537551547142,
            "y": 348.4275236560543
         },
         "size": {
            "x": 771.3077990803645,
            "y": 475.32060755968274
         },
         "label_class": "truck",
         "object_id": 4,
         "label_type": "box"
      }
   ],
   "complete": null,
   "image_filename": "camion04.jpg"
}