{
   "labels": [
      {
         "centre": {
            "x": 575.3985613223873,
            "y": 1008.5561330881777
         },
         "size": {
            "x": 390.5574406989909,
            "y": 268.7954150693056
         },
         "label_class": null,
         "object_id": 1,
         "label_type": "box"
      },
      {
         "centre": {
            "x": 901.6288941415443,
            "y": 709.8945607889494
         },
         "size": {
            "x": 588.1335577584803,
            "y": 824.7654188878689
         },
         "label_class": null,
         "object_id": 2,
         "label_type": "box"
      },
      {
         "centre": {
            "x": 911.9671793365176,
            "y": 222.84645827020785
         },
         "size": {
            "x": 470.96632554878306,
            "y": 245.8214479693648
         },
         "label_class": null,
         "object_id": 3,
         "label_type": "box"
      },
      {
         "centre": {
            "x": 1084.2719325860724,
            "y": 297.5118513450149
         },
         "size": {
            "x": 130.95161246966154,
            "y": 87.30107497977437
         },
         "label_class": null,
         "object_id": 4,
         "label_type": "box"
      }
   ],
   "complete": null,
   "image_filename": "carton03.JPG"
}