{
   "labels": [
      {
         "centre": {
            "x": 193.51017322809952,
            "y": 286.5577602423877
         },
         "size": {
            "x": 44.713638712056564,
            "y": 15.15716566510389
         },
         "label_class": null,
         "object_id": 1,
         "label_type": "box"
      },
      {
         "centre": {
            "x": 271.56957640338476,
            "y": 240.70733410544835
         },
         "size": {
            "x": 43.197922145546215,
            "y": 31.072189613463053
         },
         "label_class": null,
         "object_id": 2,
         "label_type": "box"
      },
      {
         "centre": {
            "x": 304.5364117249858,
            "y": 210.0140736336129
         },
         "size": {
            "x": 36.37719759624946,
            "y": 24.25146506416627
         },
         "label_class": null,
         "object_id": 3,
         "label_type": "box"
      },
      {
         "centre": {
            "x": 119.61899061071787,
            "y": 300.19920934098127
         },
         "size": {
            "x": 56.081512960884524,
            "y": 39.408630729270214
         },
         "label_class": null,
         "object_id": 4,
         "label_type": "box"
      }
   ],
   "complete": null,
   "image_filename": "ville05.jpg"
}