{
   "labels": [
      {
         "centre": {
            "x": 1344.6695888675872,
            "y": 559.0910217330744
         },
         "size": {
            "x": 222.84748086942386,
            "y": 163.1151664095783
         },
         "label_class": null,
         "object_id": 1,
         "label_type": "box"
      },
      {
         "centre": {
            "x": 989.7217971735047,
            "y": 593.5519723829852
         },
         "size": {
            "x": 165.4125631195725,
            "y": 71.21929800981582
         },
         "label_class": null,
         "object_id": 2,
         "label_type": "box"
      },
      {
         "centre": {
            "x": 307.3949743052684,
            "y": 606.1876542879526
         },
         "size": {
            "x": 128.65421575966744,
            "y": 41.35314077989301
         },
         "label_class": null,
         "object_id": 3,
         "label_type": "box"
      },
      {
         "centre": {
            "x": 812.8222505039619,
            "y": 80.08380769931254
         },
         "size": {
            "x": 68.92190129982191,
            "y": 78.1114881397981
         },
         "label_class": null,
         "object_id": 4,
         "label_type": "box"
      }
   ],
   "complete": null,
   "image_filename": "ville06.jpg"
}